,%usr,%system,%CPU
count,290.0,290.0,290.0
mean,32.92493103448276,4.444344827586208,37.36927586206897
std,2.9201520606829776,1.618311869290969,3.1231420763114683
min,24.0,0.0,30.0
25%,31.0,3.0,35.0
50%,33.0,4.0,37.0
75%,34.0,5.705,39.0
max,47.0,10.0,54.0
