,%usr,%system,%CPU
count,1902.0,1902.0,1902.0
mean,11.062318611987383,5.000131440588854,16.062450052576235
std,3.564572071523951,1.972240395158909,4.794643512150137
min,1.0,0.0,1.0
25%,9.0,4.0,13.0
50%,11.0,5.0,16.0
75%,13.0,6.0,19.0
max,27.0,15.84,39.0
